{
  "loss": [
    1.167688250541687,
    0.9270187020301819,
    0.8571998476982117,
    0.8192359209060669,
    0.7832124829292297,
    0.7644315361976624,
    0.7408705949783325,
    0.7294001579284668,
    0.7243292927742004,
    0.7041614651679993,
    0.6925466656684875,
    0.6746717095375061,
    0.6620431542396545,
    0.6590131521224976,
    0.6530230045318604,
    0.6340762972831726,
    0.6372389793395996,
    0.6215400099754333,
    0.6178821921348572,
    0.6097126007080078,
    0.6082876324653625,
    0.5992727279663086,
    0.5884133577346802,
    0.5787770748138428,
    0.583210825920105,
    0.5707668662071228,
    0.5711981654167175,
    0.5671424269676208,
    0.5639720559120178,
    0.5476548671722412
  ],
  "accuracy": [
    0.48106256127357483,
    0.5817480683326721,
    0.6155955195426941,
    0.6414738893508911,
    0.6586974859237671,
    0.6744644641876221,
    0.6811482310295105,
    0.6868037581443787,
    0.6897172331809998,
    0.6928020715713501,
    0.7011139392852783,
    0.714652955532074,
    0.7194516062736511,
    0.7232219576835632,
    0.7264781594276428,
    0.7297343611717224,
    0.7375321388244629,
    0.7393316030502319,
    0.7367609143257141,
    0.741216778755188,
    0.7425878047943115,
    0.7467866539955139,
    0.7532990574836731,
    0.7581833600997925,
    0.7541559338569641,
    0.7582690715789795,
    0.7631533741950989,
    0.759554386138916,
    0.76606684923172,
    0.7687232494354248
  ],
  "val_loss": [
    0.9110045433044434,
    0.8434389233589172,
    0.7999829053878784,
    0.8026112914085388,
    0.7778372168540955,
    0.7714250087738037,
    0.7524518966674805,
    0.7276767492294312,
    0.7341460585594177,
    0.7705816626548767,
    0.7168964743614197,
    0.7304039597511292,
    0.7139080166816711,
    0.7113226652145386,
    0.7094693183898926,
    0.6988219022750854,
    0.6972641348838806,
    0.700583279132843,
    0.6939520835876465,
    0.7321805953979492,
    0.7043036818504333,
    0.7059352993965149,
    0.7137486338615417,
    0.6842581629753113,
    0.6953932046890259,
    0.7090397477149963,
    0.6847732663154602,
    0.668884813785553,
    0.6838808059692383,
    0.6851067543029785
  ],
  "val_accuracy": [
    0.6121103167533875,
    0.6324940323829651,
    0.6504796147346497,
    0.6468824744224548,
    0.6714628338813782,
    0.6612709760665894,
    0.6738609075546265,
    0.6876499056816101,
    0.681654691696167,
    0.672062337398529,
    0.6906474828720093,
    0.6942446231842041,
    0.6942446231842041,
    0.6954436302185059,
    0.6966426968574524,
    0.6978417038917542,
    0.6984412670135498,
    0.6990407705307007,
    0.7110311985015869,
    0.6834532618522644,
    0.7086330652236938,
    0.6990407705307007,
    0.7020383477210999,
    0.7110311985015869,
    0.7092326283454895,
    0.7050359845161438,
    0.714628279209137,
    0.7230215668678284,
    0.7110311985015869,
    0.7098321318626404
  ],
  "lr": [
    