{
  "loss": [
    1.382719874382019,
    1.3754934072494507,
    1.3741495609283447,
    1.3723809719085693,
    1.3676071166992188,
    1.3696722984313965,
    1.3709821701049805,
    1.3680133819580078,
    1.3680179119110107,
    1.366407871246338,
    1.366577386856079,
    1.365623116493225
  ],
  "accuracy": [
    0.375664085149765,
    0.375664085149765,
    0.3744644522666931,
    0.3686375319957733,
    0.3844044506549835,
    0.37960582971572876,
    0.374721497297287,
    0.37832048535346985,
    0.3827763497829437,
    0.3714652955532074,
    0.37626391649246216,
    0.3802056610584259
  ],
  "val_loss": [
    1.3609201908111572,
    1.367525577545166,
    1.3594279289245605,
    1.3587716817855835,
    1.3629058599472046,
    1.3627185821533203,
    1.361739158630371,
    1.3625482320785522,
    1.3771910667419434,
    1.368792176246643,
    1.3700083494186401,
    1.3638455867767334
  ],
  "val_accuracy": [
    0.3609112799167633,
    0.3842925727367401,
    0.3842925727367401,
    0.3842925727367401,
    0.3842925727367401,
    0.3842925727367401,
    0.3842925727367401,
    0.3842925727367401,
    0.3842925727367401,
    0.3842925727367401,
    0.3842925727367401,
    0.3842925727367401
  ],
  "lr": [
    