{
  "loss": [
    1.0018099546432495,
    0.8532796502113342,
    0.7962626814842224,
    0.7551587820053101,
    0.7315633296966553,
    0.7066007852554321,
    0.6870742440223694,
    0.6048136353492737,
    0.5750624537467957,
    0.5584665536880493,
    0.5461736917495728,
    0.5281078815460205,
    0.5234069228172302,
    0.516273558139801,
    0.5023695826530457,
    0.4942445456981659,
    0.48192092776298523,
    0.4779875874519348,
    0.46633708477020264,
    0.462201327085495,
    0.45702603459358215,
    0.44254788756370544,
    0.4414274990558624,
    0.41347837448120117,
    0.3959648311138153,
    0.4001188576221466,
    0.39334431290626526,
    0.3854256272315979,
    0.39018508791923523,
    0.3804125487804413,
    0.37922096252441406,
    0.37838929891586304,
    0.36868155002593994,
    0.36894795298576355,
    0.3629263937473297,
    0.38325855135917664,
    0.3708606958389282,
    0.363244891166687,
    0.36635205149650574,
    0.3637256920337677,
    0.3645502030849457,
    0.3627030551433563,
    0.35631245374679565,
    0.360668420791626,
    0.34443172812461853,
    0.3442029654979706,
    0.3428780734539032,
    0.34226754307746887,
    0.3470764458179474
  ],
  "accuracy": [
    0.6121679544448853,
    0.6737788915634155,
    0.6961439847946167,
    0.7124249935150146,
    0.7218508720397949,
    0.7273350358009338,
    0.7388174533843994,
    0.7696658372879028,
    0.7796058058738708,
    0.7893744707107544,
    0.7947729229927063,
    0.8042845129966736,
    0.8030848503112793,
    0.8046272397041321,
    0.8089117407798767,
    0.8130248785018921,
    0.8150814175605774,
    0.8227934837341309,
    0.8259640336036682,
    0.8286203742027283,
    0.8258783221244812,
    0.8363324999809265,
    0.834790050983429,
    0.8464438915252686,
    0.852270781993866,
    0.8512424826622009,
    0.8510711193084717,
    0.8554413318634033,
    0.8556126952171326,
    0.8573265075683594,
    0.8574121594429016,
    0.8586118221282959,
    0.8677806258201599,
    0.863324761390686,
    0.862296462059021,
    0.8564695715904236,
    0.861353874206543,
    0.8635818362236023,
    0.861525297164917,
    0.8610968589782715,
    0.8628106117248535,
    0.8660668134689331,
    0.8650385737419128,
    0.8676949739456177,
    0.8691516518592834,
    0.8735218644142151,
    0.8712939023971558,
    0.8728363513946533,
    0.871550977230072
  ],
  "val_loss": [
    1.1242939233779907,
    0.8838431239128113,
    1.1153644323349,
    1.1371362209320068,
    1.1831201314926147,
    1.7306054830551147,
    0.8910811543464661,
    0.5538021326065063,
    0.5225716829299927,
    0.5420560240745544,
    0.884373128414154,
    0.5399738550186157,
    0.5892475843429565,
    0.49393731355667114,
    0.7025221586227417,
    0.6591253876686096,
    0.5789832472801208,
    0.4933231770992279,
    0.788668692111969,
    0.6334784626960754,
    0.6228197813034058,
    0.6802895069122314,
    0.6032904982566833,
    0.5061994791030884,
    0.5123670101165771,
    0.4373984634876251,
    0.5060027241706848,
    0.4377075135707855,
    0.40886756777763367,
    0.5075077414512634,
    0.571101725101471,
    0.4231967329978943,
    0.5715299248695374,
    0.4014095366001129,
    0.532375156879425,
    0.48161712288856506,
    0.4550827443599701,
    0.5035239458084106,
    0.39307165145874023,
    0.4277876019477844,
    0.4632858633995056,
    0.45205917954444885,
    0.4967953562736511,
    0.4770154356956482,
    0.45655491948127747,
    0.45123720169067383,
    0.4303041398525238,
    0.433938592672348,
    0.4554057717323303
  ],
  "val_accuracy": [
    0.5641486644744873,
    0.6384891867637634,
    0.5029975771903992,
    0.49700239300727844,
    0.5491606593132019,
    0.34952038526535034,
    0.6510791182518005,
    0.7925659418106079,
    0.8105515837669373,
    0.7913669347763062,
    0.6444844007492065,
    0.8027577996253967,
    0.7817745804786682,
    0.821342945098877,
    0.7553957104682922,
    0.7416067123413086,
    0.7799760103225708,
    0.8075539469718933,
    0.6846522688865662,
    0.7428057789802551,
    0.7535971403121948,
    0.7553957104682922,
    0.7871702909469604,
    0.8093525171279907,
    0.8159472346305847,
    0.8333333134651184,
    0.8063549399375916,
    0.8297362327575684,
    0.8441246747970581,
    0.8093525171279907,
    0.7781774401664734,
    0.8447242379188538,
    0.785371720790863,
    0.8489208817481995,
    0.7997601628303528,
    0.8165467381477356,
    0.8297362327575684,
    0.8189448714256287,
    0.8507194519042969,
    0.8303357362747192,
    0.8261390924453735,
    0.8369304537773132,
    0.8075539469718933,
    0.8267385959625244,
    0.8297362327575684,
    0.8273381590843201,
    0.8297362327575684,
    0.8321343064308167,
    0.831534743309021
  ],
  "lr": [
    